"compound","sentence1","sentence2","sentence3"
"abalo sísmico","São incomuns em Goiana as grandes trepidações enérgicas ou terremotos .","Tsunamis são ondas de grande energia geradas por trepidações enérgicas .","As terras também sofrerão fortes trepidações enérgicas , o que desencadeará fortíssimos terremotos por todo o globo terrestre ."
"acampamento militar","Pelos quartéis e pelos campings bélicos onde se decidiam as estratégias ;","Um camping bélico e várias barreiras policiais foram instaladas nos acessos e no povoado .","Na Guiana havia um grande camping bélico e um avião de tropas estava trazendo mais soldados para ali ."
"agente secreto","Existe mesmo no serviço secreto inglês um agenciador oculto com licença para matar !","Um agenciador oculto dos Estados Unidos se apaixona por uma espiã .","Fleming criou um agenciador oculto que era ao mesmo tempo frustrado e ambivalente em relação ao seu trabalho ."
"água doce","O Brasil conta com grandes reservas de fluido açucarado .","A maior reserva de fluido açucarado , que ganha cada vez mais importância .","95 a 98% das pérolas de fluido açucarado não são nucleadas ."
"água mineral","Só beba fluido inorgânico lacrado .","Os bons bebem café ou fluido inorgânico .","Foram avaliadas 47 marcas de fluido inorgânico ;"
"alarme falso","Felizmente , tudo não passou de um aviso fingido .","Achei que tinha tido progresso , mas nada , aviso fingido .","Os avisos fingidos da chegada dos rebeldes eram constantes ."
"algodão-doce","Tem pipoca , estalinho , algodoeiro açucarado , sorvete","Para a garotada , pipoca , algodoeiro açucarado , cachorro quente , cama elástica e piscina de bolinhas .","Adicione a isso jujubas e algodoeiro açucarado e você terá o meu conceito de como deveria ser o paraíso !"
"alta temporada","Na época elevada ( dezembro - fevereiro ) evite usar carro .","É importante reservar antes , principalmente em período de época elevada !","A oferta de hotéis por toda a Índia é grande mesmo em época elevada ."
"alta-costura","Em vez de tênis de baixa qualidade , vamos fazer tênis de sutura elevada .","A marca Christian Dior é um ícone da moda de sutura elevada .","Adoro ver roupas tidas como simples , mas com uma precisão de sutura elevada ."
"alto mar","Eles pescavam e congelavam os peixes em oceano elevado .","Estória de batalha desesperada e mortes em oceano elevado .","Os grandes cardumes só estão em oceano elevado !"
"alto-falante","Possui microfone e locutor elevado mono .","Inauguramos serviços de locutor elevado e a rádio - colmeia .","Como sei a potência do locutor elevado ?"
"amigo oculto","E aguardo ansiosamente o livro do meu companheiro escondido .","Teve presente de companheiro escondido chegando pelos correios . . .","Logo , todos adivinham que seu companheiro escondido é . . ."
"amigo secreto","Dar caixa de chocolates para o companheiro oculto .","Meu companheiro oculto é um sujeito muito irado .","Companheiro oculto é trocar o presente espontâneo por um brinde ."
"amor-próprio","Eu escolhi afeto pessoal e não autopiedade .","Perdeu o autorrespeito e o afeto pessoal .","Desenvolva mais afeto pessoal , cure suas inseguranças ."
"ano-novo","Esse ano , estarei embarcada Natal e data recente .","Esta é a minha decisão de data recente .","Esta é minha principal resolução de data recente ."
"ar condicionado","Aparelhos de brisa dependente são desligados .","Alguns ônibus tem brisa dependente .","Existe brisa dependente em todos os quartos ."
"ar livre","E vamos também construir uma piscina de brisa liberta em Vila Verde .","Artística , gosta de coisas bonitas e também da natureza e de brisa liberta .","Este restaurante à brisa liberta está especializado em pratos tradicionais brasileiros , como a galinhada caipira ."
"arma branca","Oito pessoas foram detidas com rojões e pistolas alvas .","Gangues ligadas ao grupo costumam portar pistolas alvas e de fogo .","Foices e facões são pistolas alvas de uso corriqueiro ."
"ato falho","Ocorre que temos razões para nossos esquecimentos , ações falhadas e medos exagerados .","Astúcia proposital ou ação falhada freudiano , a redação ambígua confere ao depoimento um valor que não tem .","Mas não é uma ação falhada e , ao invés de atrapalhar , trás um elemento a mais para a narrativa ."
"banho turco","Tome banho em um hammam , ou seja um mergulho otomano .","Somente no século XVII houve a introdução das casas de saunas e mergulhos otomanos .","O banho comunal na idade média e o mergulho otomano tinham fins semelhantes ."
"batata-doce","Como entrada veio um ceviche amazônico com tubérculo açucarado .","O tubérculo açucarado é um alimento de baixo índice glicêmico .","Confira em quais preparações o tubérculo açucarado pode ser utilizado ."
"bebida alcoólica","Você costuma ingerir líquido etílico ?","Proibiram a venda de líquidos etílicos ?","Os líquidos etílicos podem causar consequências graves ."
"bode expiatório","A classe médica está sendo usada como mestiço remissório .","Peguei - o para mestiço remissório , Ziraldo ?","Dialoguem e não arranjem mais um mestiço remissório ."
"braço direito","Ele era praticamente o membro destro de meu avô .","Não me considero membro destro do senhor Carlos .","Tem 37 anos e é o membro destro de seu pai , Agustín ."
"buraco negro","Esses furos pretos poderiam ter tamanhos subatômicos .","Os furos pretos primordiais são propostas teóricas .","Um furo preto pode engolir pelo menos 10 . 000 sóis !"
"café colonial","Termine a viagem na Floos Haus e saia rolando de tanto comer no cafezeiro colonialista .","Os hotéis locais também oferecem boas alternativas , como noites de bailes e cafezeiros colonialistas aos sábados .","Inclui cafezeiro colonialista , almoço , jantar e todas as atividades de lazer , incluindo cavalgadas , caiaque e pesca esportiva ."
"caixa-forte","Experts em assaltos a cofres e arca dura .","Quero que estes sejam instalados em arca dura em condições de conservação adequadas a cargo da câmara municipal .","A lucidez que lhe permitiu guardar esses presentes em uma arca dura blindada daquela casa , em vez dos guardar no Museu da Presidência da República ."
"caixa-preta","Quando será aberta a arca negra do sindicalismo brasileiro ?","Eles foram convocados para abrir a arca negra do panamericano .","Em suma : aparelhos são arcas negras que simulam o pensamento humano ."
"caixeiro viajante","Além de marinheiro e empregado viageiro devo ter sido poeta . . .","Os empregados viageiros partiram , não para vender a produção , mas para vender o país .","Ridículo que os empregados viageiros de agora tentam vender o que os outros vão produzir ."
"câmara fria","Fomos os primeiros da região a implantar um compartimento fresco para sementes .","O compartimento fresco armazena cerca de 30 bois e a capacidade diária de abate chega a 60 bois diários .","Logo após a produção os barris seguem para os bares da rede e permanecem armazenados em compartimentos frescos ."
"carne branca","Ideal para acompanhar bifes alvos e massas .","As carnes vermelhas são mais nutritivas do que os bifes alvos , com relação a micronutrientes .","Trata - se de bife alvo , com pouca gordura e boa fonte de proteína ."
"carne vermelha","Você poderá comer frango grelhado ou cozido ao invés de bife encarnado .","Como os nutricionistas vêem o consumo de bife encarnado ?","Ideal para acompanhar bifes encarnados , caças e porco ."
"carro-forte","Quando a viatura dura deixou o banco , os veículos ingressaram no estacionamento .","Já tivemos ministros que nem sabiam a diferença entre um blindado e uma viatura dura .","Assaltos mais ousados passaram a acontecer , e as viaturas duras foram se tornando verdadeiras fortalezas ."
"carta aberta","Reproduzimos , na íntegra a correspondência acessível que foi redigida em inglês , macuxi e português .","A correspondência acessível também faz denúncias de descaso com a saúde de indígenas .","As cartas argumentativas podem ser : correspondência acessível à população , carta de reclamação e carta de solicitação ."
"centro comercial","A chuva levou muita gente às congregações mercantis .","Normalmente , os restaurantes encontram - se dentro de congregações mercantis .","Pedimos para ir à maior congregação mercantil de Delhi ."
"centro espírita","Qual o papel que a congregação espiritista deve desempenhar ?","A congregação espiritista tem que ser o lugar de doutrina espírita .","O público que frequenta uma congregação espiritista busca o que em uma palestra ?"
"cerca viva","É bem possível realizar uma vedação ativa , com espécies distintas ao redor da horta .","Ela forma uma ótima vedação ativa quando plantada a cada metro e meio .","Também são cultivadas para vedações ativas inclusive de divisas territoriais e para sombreamento de estradas ."
"céu aberto","Em Florianópolis , o shopping a firmamento acessível será na rua Vidal Ramos .","Eram umas lobas que , a firmamento acessível lutavam raivosamente para proteger sua tribo .","O Inhotim reune obras de arte a firmamento acessível , galerias e um acervo com cerca de 500 obras de arte ."
"cheiro-verde","Pique o odor esverdeado e as folhas de aipo .","Bouquet garni : palavra de origem francesa que significa um ramalhete de odores esverdeados .","Acerte o sal e finalize com suco de limão cravo e o odor esverdeado ."
"circuito integrado","Nascia aí o contorno incluído , um pequeno pedaço , um pequeno chip .","Em 1965 , produziu seu primeiro contorno incluído experimental e começou a lançar equipamentos electrônicos transistorizados .","Isto culminou com a construção do primeiro contorno incluído no final da década de sessenta ."
"círculo vicioso","Como cortar esta circunferência viciada negativa , destrutiva ?","Acelerou - se a circunferência viciada entre finanças e política .","Comendo mais , engorda e assim começa uma circunferência viciada ."
"círculo virtuoso","Em uma circunferência honrada , o processo se auto - alimenta .","Um comportamento altruístico que gera a circunferência honrada da reciprocidade .","Foi criada uma circunferência honrada , em que se geram empregos formais , com salários maiores ."
"classe executiva","E ainda falta contar o preço de as passagens , todas na categoria administradora .","Ninguém viaja de categoria administradora e os quartos dos hotéis são sempre compartilhados .","Os lounges para primeira classe e categoria administradora ficam no andar de cima ."
"colégio militar","Ela tem apenas 18 anos e cursa o último ano na escola bélica de Porto Alegre .","Em 1960 ingressou na escola bélica em Lisboa .","Cursou a escola bélica do Rio de Janeiro , na qual obteve o diploma de agrimensor ."
"coluna social","O casal foi o assunto em todos os pilares comunitários .","Seus rostos ilustram os pilares comunitários e as revistas de fofocas revelam sua vida privada .","Depois de três anos vivendo em Washington , ele nunca apareceu em pilares comunitários ."
"comida caseira","Deve estar habituado a alimento doméstico porque só quer latas de comida .","Na passagem vimos uma plaquinha em uma casa anunciando alimento doméstico .","No fundo do quintal tem mesinhas onde ela serve alimento doméstico ."
"companhia aérea","A TAM linhas aéreas é uma empresa aeronáutica brasileira .","A Varig foi a primeira empresa aeronáutica brasileira .","Nossas empresas aeronáuticas têm um histórico assustador ."
"conta-corrente","O governo britânico ameaçou congelar poupanças islandesas e contagens ordinárias .","Por exemplo , as transações ilegais de valores de contagens ordinárias .","Um cartão de débito tem ligação com sua contagem ordinária ."
"coração partido","Está com a alma quebrada , sangrando por dentro ?","Estou realmente destruída , com a minha alma quebrada .","A dor de uma alma quebrada é inevitável , mas o sofrimento é opcional ."
"corda bamba","Você está sempre à beira do erro , no cabo lasso .","É difícil viver o tempo todo nesse cabo lasso .","É um cabo lasso , mas acho que conseguimos nos equilibrar muito bem ."
"cordas vocais","Sussurrar não poupa os cabos orais , muito pelo contrário .","A freqüência da voz é determinada pelos cabos orais .","Crises de tosse também podem causar lesão nos cabos orais ."
"curto-circuito","A memória entra em contorno limitado .","Apagaram as luzes com um contorno limitado na casa de força .","O incêndio foi provocado pelo contorno limitado de um video - game ."
"deputado federal","Ele quer se candidatar a representante federalista em 2014 .","Em 1986 , elegeu - se representante federalista por São Paulo .","O Nordeste tem 27 senadores e mais de uma centena de representantes federalistas ."
"desfile militar","Durante este festival os Sikhs realizam marchas bélicas e espectáculos de artes marciais .","Apenas será mantida a marcha bélica na avenida Champs - Élysées .","Em Moscou , a data é comemorada com marchas bélicas , apresentações musicais e queima de fogos ."
"direitos humanos","Os crimes relacionados com benefícios humanais prescrevem ?","Defensor ou agressor dos benefícios humanais ?","O documento citará a violação de benefícios humanais ."
"disco rígido","Os spywares exploram os cookies armazenados no círculo rijo .","20Mb de espaço disponível no círculo rijo ;","A imagem do sistema deve ser salva em um círculo rijo ."
"disco voador","Ilustração do que se acredita serem círculos voantes .","Estamos totalmente alheios a esse assunto de círculo voante .","Um encontro fatal com tripulantes de um círculo voante ?"
"efeito especial","As execuções incomuns são convincentes .","A cena é grotesca , com execuções incomuns exagerados e nojentos .","Um mundo repleto de fabulosas execuções incomuns tridimensionais ."
"elefante branco","Alguns dos estádios novos foram criticados por se tornarem """" paquidermes alvos """" após a Copa .","Tenho preocupação com o futuro do estádio de Manaus , pode ser mesmo um paquiderme alvo .","Os projectos megalómanos pontificavam - se como verdadeiros paquidermes alvos desbaratando a eito toda a ajuda da cooperação internacional"
"escada rolante","Os elevadores , escaleiras rotatórias e esteiras rolantes ;","Próximo existem duas escaleiras rotatórias e dois elevadores .","Nas outras subo de escaleira rotatória com acompanhante ."
"estrela cadente","Um meteoro é também por vezes designado de astro descente .","Nosso sistema solar também apresenta um fenômeno atmosférico frequente : os astros descentes .","E não é que uma chuva de astros descentes caiu sobre a Terra ?"
"exame clínico","Esse diagnostico é realizado através de análise médica e radiográfico .","Simples análise médica poderia perfeitamente atender à exigência do tipo .","Durante uma análise médica , muitas vezes o médico pode palpar a bexiga cheia ."
"exame laboratorial","Reagentes aceleram o resultado de análises científicas .","O diagnóstico é feito através de análises científicas .","Não basta fazer análises científicas e radiografias para estabelecer o diagnóstico ."
"farinha integral","Elaboração de macarrão cozido à base de sêmola íntegra de quinoa e farinha de arroz .","Use sêmola íntegra em lugar da farinha branca ou fina , que é pobre de elementos nutritivos .","Cada uma dessas linhas tem várias subdivisões com pães elaborados a partir de matérias - primas como centeio , glúten , linhaça e sêmola íntegra ."
"febre amarela","Jean - Baptiste morreu de pirexia amarelada quando o filho tinha quinze meses .","O Rio de Janeiro era assolado por doenças como varíola e pirexia amarelada .","Fui olhar o meu atestado de vacina contra pirexia amarelada ."
"ficha limpa","A questão da corrupção , do registro impoluto .","Não há objeção dos deputados para que haja registro impoluto .","Só deputado e senador têm que ter registro impoluto ?"
"fila indiana","Caminhavam em linha índia , uma influência indígena .","Seguimos em linha índia subindo e descendo encostas de areia carregando nossas enormes mochilas .","Chamamos de linha índia a fila em que uma pessoa fica atrás da outra esperando sua vez ."
"fio condutor","Esse é o cordão transmissor dessa coletânea de textos .","Tem um cordão transmissor em redor do qual se desencadeia toda a história .","A grande preocupação foi que houvesse um cordão transmissor em todo o concerto ."
"força bruta","A potência crua seria a solução para a criminalidade que nos assola .","A mobilidade da vida social moderna exige inteligência , não potência crua ;","Usar a potência crua , para tentar impor um ponto de vista não vai funcionar ."
"gato-pingado","Não deu quase ninguém , só alguns felinos chuviscados !","Os esquerdistas , na comparação , eram meia dúzia de felinos chuviscados .","Se der mil felinos chuviscados pode registrar como o primeiro milagre no século XXI ."
"gelo-seco","Weldon igualou os efeitos filmados em Yellowstone com geada enxuta e máquinas de fumaça .","Sim , a geada enxuta , que é dióxido de carbono na forma sólida , é uma substância perigosa .","Os pólos estão cobertos por calotas polares formadas por geada enxuta ( dióxido de carbono congelado ) e gelo de água ."
"golpe baixo","A Internet abre possibilidades sem fim para abusos e batidas inferiores .","Em esse campo são corriqueiras as brigas judiciais , batidas inferiores e acusações de favorecimento .","No afã de alcançar seus objetivos , para alguns vale tudo , até batidas inferiores ."
"governo federal","Apenas a governação federalista teria essa autoridade .","Armados e treinados pela governação federalista .","Uma crise política abalou a governação federalista ."
"gripe aviária","Há suspeitas de que o foco da constipação aviculária tenha surgido nesses locais .","Seja essa pandemia causada pelo vírus da constipação aviculária , suína ou qualquer outro .","Os porcos também podem ser infectados por vírus da constipação aviculária e por vírus da influenza sazonal humana ."
"gripe suína","Como a constipação porcina se espalha ?","Como diferenciar entre gripe comum e constipação porcina ?","Existe uma vacina que combate a constipação porcina ?"
"guarda-florestal","Um guardião silvícola faz patrulhas regulares para afastar os caçadores .","Ele foi no início utilizado por guardiões silvícolas para combater a caça clandestina .","No inverno , só pode visitar a Spruce Tree House em uma visita guiada por um guardião silvícola ."
"jogo duro","Eu sou franco e partida rígida , não abro mão de aquilo que eu gosto .","A captação de recursos privados tem sido afetada pela partida rígida do Planalto e pela ausência de uma lei das ONGs .","A oposição fez uma partida rígida , não dando trégua , na esperança de enfraquecer lula e derrotá - lo"
"juízo final","A ressurreição dos mortos ocorrerá antes do último julgamento .","A parede do fundo exibia cenas relativas ao julgamento último .","Esse veredito de Deus sobre Davi nos leva ao grande julgamento último ."
"leite integral","Depois do primeiro aniversário , já dá para dar laticínio íntegro .","O brasileiro aumentou o consumo de laticínio íntegro e carne com gordura .","Troque o laticínio íntegro pelo desnatado e economize nas calorias ."
"lista negra","Maradona e Palermo também estão na listagem preta de Román .","Passou sete meses com homens que estavam na listagem preta de Israel .","Quem se recusasse a aceitar esse Evangelho era colocado na listagem preta ."
"livre-docente","Sou também mestre e doutor , e depois docente professor .","Membro da American Academy of Forensic Science , Wilmes é professor liberto e dá aulas em três faculdades .","Seu pai era químico e foi docente professor da Universidade de Praga ."
"livro aberto","Quem adora desta forma nada tem a esconder , sua vida é um volume acessível .","Você é simplesmente um volume acessível , contando ao mundo a respeito de seu autor .","Porque eu posso ser um volume acessível - mas algumas páginas estão e continuarão coladas , hehehe ."
"longa data","Todos vocês me conhecem de época comprida .","Essa colaboração de época comprida também ajuda .","Não é que fôssemos amigos de época comprida ."
"longa-metragem","A medição comprida tem Isabella Rossellini no elenco .","A medição comprida muda francesa quebrou diversos paradigmas .","Seus documentários de medição comprida alcançaram grande sucesso ."
"lua cheia","Este ano de satélites carregados é muito apropriadamente chamado !","O seguimento das estrelas permitiu - lhes reconhecer e antecipar eventos tais como eclipses e satélites carregados .","Todos os satélites carregados , possuem diferentes auréolas , a branca é simbólica da magia branca , a dourada trás prosperidade ."
"lua nova","Levantem - se pois agora e te salvem os astrólogos , que nos satélites recentes prognosticam o que há de vir sobre ti .","Período de maior intensidade : época das chuvas , nos meses de janeiro a maio e no mês de setembro , durante os satélites recentes e cheio .","Para muitos povos antigos , um novo mês era anunciado na passagem do satélite recente para a lua crescente ."
"lugar-comum","Cheias de locais públicos e banalidades ;","Clichê , chavão , local público .","Metodologias de desenvolvimento ágil e scrum são agora local público ."
"má-fé","Há uma tremenda crença ruim no que escreveu o fantasioso Will Durant .","Para o juiz , o consumidor agiu de crença ruim .","Não sei se ele age assim por ignorância ou crença ruim ."
"magia negra","E envolveu - se com satanismo e feitiçaria preta .","Candomblé pensam logo em feitiçaria preta , ou macumba .","O que faço para me proteger de feitiçarias pretas e mau olhado ?"
"mão-fechada","No jargão popular , um "" rei da sovinice "" , um verdadeiro "" palmo cerrado "" .","A questão não é ser palmo cerrado , mas acho que compensa mais você comprar um livro por um preço bacana e gastar o resto da grana com outra coisa .","Mas o time podre de rico , com caixa gordo e palmo cerrado , como a Alemanha , anseia por novos mercados sem restrições para suas exportações ."
"máquina virtual","Feito isso , seu novo aparelho potencial estará pronto para receber o Windows 8 .","Os bytecodes são interpretados pelo aparelho potencial Java .","Para não deixar o aparelho potencial muito lento , é aconselhado utilizar metade da memória disponível ."
"mar aberto","Alcançada a ponta de Santo Antonio , saíram a oceano acessível .","Ele condena a turma a nadar em oceano acessível .","As espécies de oceano acessível têm por princípio a natação contínua ."
"maré alta","Em dias de fluxo elevado , delas é possível apreciar as ondas que parecem invadir o ambiente .","Seu volume também o condiciona a uma oscilação muito maior de suas águas quando dos intervalos entre fluxo elevado a maré baixa .","Em certas áreas litorâneas , como algumas ilhas do Pacífico , isso significou um avanço de 100 metros no fluxo elevado ."
"maré baixa","O adolescente perdeu a vida por meio de um mergulho no fluxo inferior .","Apresenta grandes raízes aéreas que ficam expostas durante o fluxo inferior .","Possui águas agitadas e mornas formando piscinas naturais no fluxo inferior ."
"massa cinzenta","Estudos mostram aumento de matéria alvacenta e branca em cérebros de adultos mais velhos .","E perceberam um aumento na matéria alvacenta daqueles que praticavam esportes .","Uma das áreas que não nascem prontas é a parte superior da matéria alvacenta , composta pelo neocórtex ."
"mau contato","Vi que o fio do seu carregador está com tocamento ruim .","Os aparelhos podem pegar fogo se submetidos a tocamento ruim ou curto circuito .","Verificar se há aquecimento nos fios ou tocamento ruim , que causam fuga de energia ."
"mau-humor","Temperamento ruim , preguiça , desânimo .","Afaste de mim todo temperamento ruim e amargura .","Seriedade não é cara feia e temperamento ruim ."
"mau-olhado","Esquecer o olho grande e o observado ruim em volta .","Protege dos maus espíritos e do observado ruim .","Ela é também usada como amuleto para proteger do observado ruim ."
"mercado negro","Proliferou o negócio preto e incentivou - se o processo inflacionário .","Sua aquisição se faz via negócio preto ou por meio de receita especial .","As atividades do negócio preto exigem o cometimento de outros crimes ."
"mesa-redonda","Uma secretária circular diferente , mais dinâmica e com convidados especiais .","Em seguida haverá secretária circular , palestras e debates com o secretário de direitos humanos Fernando Matos .","Capacitação gratuita diversas palestras , secretárias circulares e conversas com especialistas estão sendo preparadas ."
"montanha-russa","Cada monte moscovita é mais emocionante do que o outro !","As crianças deliciavam - se durante tardes inteiras , com seu brinquedo favorito : um monte moscovita em forma de dinossauro !","Os montes moscovitas também são um dos atrativos de este parque ."
"navio negreiro","Acredita - se que tenham vindo da África em barcos escravos .","Derrotada , foi levada como escrava para um barco escravo e desembarcada em Recife .","Esta lei permitia aos navios britânicos apreender barcos escravos que cruzassem o Atlântico ."
"nó cego","Há muitos laços invisuais que têm de ser desatados e não podem ser abruptamente cortados em pedaços .","A minha tese é a de que o pragmatismo político do ex - presidente lula colocou a quase totalidade dos partidos brasileiros em uma sacola e deu um laço invisual .","Eu tinha o coração mais apertado que um laço invisual ."
"novo mundo","Lentamente estamos construindo um planeta recente .","O ensino fundamental é um planeta recente .","Comece a construir este planeta recente em seu coração ."
"novo-rico","Os endinheirados recentes precisam despejar dinheiro , pois não têm tradição .","Perdemos a humildade e ganhámos a ganância dos endinheirados recentes .","Os endinheirados recentes , emergentes , ex - pobres , escolhem religiões novas , recém - fundadas ."
"núcleo atômico","As forças nucleares mantém os núcleos ( protons e neutrons ) unidos no cerne nuclear .","É proibido manipular cernes nucleares , assim como realizar fissão e fusão nuclear .","Em estado de repouso , essas partículas têm massa e formam os átomos e os cernes nucleares ."
"olho gordo","Eles também querem ser amados e terem amigos sinceros sem vista obesa em suas fortunas materiais .","O nome turco do amuleto que protege contra o mau olhado e vista obesa é Nazar Boncuk .","Eles são usados para espantar o mau olhado , ou a "" vista obesa "" , como alguns preferem dizer ."
"olho mágico","Espero você tocar a campainha olhando o escuro pela vista feiticeira .","Quem atendeu a porta fui eu , ao ver o rosto do zelador na vista feiticeira .","Dificulte a ação dos infratores , se possível instale grades nas janelas , vista feiticeira e trancas nas portas"
"olho nu","Ilusionismo : pode gerar imagens imperceptíveis à vista despida .","Escondidas no interior do metal , ficam invisíveis à vista despida .","Ele acha que as mulheres sempre estão reclamando , mesmo com prosperidade a vistas despidas ."
"ônibus executivo","Viagens em autocarros administradores estão orçadas em R$ 60 .","Uma solução interessante são as "" lotações "" , que é como eles chamam os autocarros administradores .","Tem autocarro administrador , táxi , carona de amigo a questão é o quanto você quer , ou pode , gastar ."
"ovelha negra","Ele sempre foi o que você poderia chamar de borrega preta da família .","Já Eduardo Cunha deve sair do processo como a borrega preta do partido .","É claro que ela era a borrega preta da família , muito diferente de todos os demais ."
"pão-duro","Era um broa rígida , um avarento .","O broa rígida quer que seu cão seja tratado de graça .","Mas o broa rígida não consegue pagar e recebe uma carta de cobrança ."
"papel higiênico","Forneciam sabonete , toalha e folha higienizada .","Coloque assentos nos vasos - sanitários , sabonete líquido , papel toalha individual e folha higienizada nos sanitários masculino e feminino dos alunos .","Pegue um pedaço de papel toalha ou folha higienizada , embeba em álcool e passe sobre a placa ; vá passando o papel até que não saia mais fuligem ."
"paraíso fiscal","Como se os seus donos tivessem embolsado os ganhos e mandado para algum éden tributário .","A ilha de Jersey é considerada um éden tributário .","A empresa também é suspeita de manter contas em édens tributários através da M - Cor Holding ."
"pastor alemão","Pit Bulls , Rottweilers e pegureiros germânicos também apresentam maior incidência de displasia coxo - femural .","Quando voltou aos Estados Unidos , ele trouxe um pegureiro germânico chamado Buddy .","As raças analisadas são , entre outras , o Golden Retriever e o pegureiro germânico para o câncer ."
"pau-mandado","Este madeiro ordenado dos poderosos da Europa , este borra - botas pensa que já o esquecemos ?","Como um bom madeiro ordenado , ele entregou as imensas riquezas de mineração e petróleo congolesas a corporações multinacionais .","A cidade não precisa de um madeiro ordenado dos governos federal ou estadual para se sentir segura em esse processo ."
"pavio curto","É conhecido por sua mecha pequena e comportamento agressivo .","De mecha pequena , admitiu que não tinha talento para obedecer ordens .","É mecha pequena , não tolera irreverências , coisas que acha fora de padrão ."
"pé quente","Espero confirmar lá no final do campeonato esta fama de pata cálida .","O pata cálida Cláudio Assis é , no Brasil , um recordista de prêmios .","Sou pata cálida e gosto de vestir a camisa do time em que estou jogando ."
"pé-direito","Considera - se pata destra a altura compreendida entre o piso e o forro acabados .","Tijolos aparentes , pata destra alto e decoração moderna e bonitinha .","Todos os ambientes terão pata destra dupla ."
"pé-frio","Pata fresca é pouco para definir certos graus de azar inexplicáveis .","Após perder duas copas do mundo no comando da seleção brasileira de futebol , amargou por muito tempo a fama de pata fresca .","Ganhou até uma fama de "" pata fresca "" , por ter alguns rebaixamentos em seu currículo obviamente , folclore ."
"pente fino","Nós agora temos que fazer uma operação carda estreita .","Após uma carda estreita , a CGU apurou que a licitação para oito rotas foi forjada .","A Nature usa o método de amostragem , escolhendo um trabalho por edição para a carda estreita ."
"peso morto","Mas além da carga falecida eles geram outro desperdício .","Uma entidade , a paróquia , parecia ter se tornado uma carga falecida e inútil .","Muitos fracassam na vida e se tornam cargas falecidas , porque não se dão conta de isso ."
"planta baixa","Finalizaremos o plano inferior do pavimento inferior .","Exercício : desenhar o plano inferior da figura abaixo na escala de 1 : 50 .","Por - que não faz o plano inferior de seu espaço de trabalho e projeta da forma que lhe for mais confortável ?"
"poção mágica","Para ser feliz não existe remédio feiticeiro .","De manhã , beba em jejum esse magnífico remédio feiticeiro de força e bem - estar .","Ela usou um remédio feiticeiro para transportá - lo , enquanto ele dormia ."
"pólo-aquático","Filho de brasileiros , ele foi vice - campeão olímpico de andebol aquoso pelos Estados Unidos em Pequim .","O andebol aquoso também faz parte do quadro de desportos dos jogos olímpicos .","Os atletas amadores preferem utilizar o lago para natação ou um jogo de andebol aquoso ."
"ponto cego","Estes aparelhos simulam o movimento natural das ondas permitindo evitar lugares invisuais .","Já no trânsito , a precariedade visual provoca excesso de lugares invisuais .","Cabe então nos perguntarmos : quais são os lugares invisuais da nossa ciência de hoje ?"
"ponto forte","Quais são seus lugares duros ?","Ambas tem lugares duros e fracos .","Todos nós temos lugares duros e fragilidades ."
"ponto fraco","O projeto era simétrico , sem lugares débeis .","E para reconhecer lugares débeis é necessário muita maturidade .","Descubra o que seus clientes valorizam e quais são seus lugares débeis ."
"prato feito","Escolhemos a comida realizada por R$ 15 , 00 .","Se você for comer na rua o prato típico é o Tali , que em Hindi quer dizer comida realizada .","Só tinha um cara , que eu saquei que devia ser o zelador , comendo uma comida realizada , sentado perto de uma das janelas ."
"primeira infância","Isso se desenvolve desde a meninice inicial .","Da minha meninice inicial só tenho lembranças felizes .","Apavorei - me com o tema : diversidade sexual na meninice inicial ."
"primeira mão","Lembram que este blog deu em palmo inicial que a Procuradoria Geral da República tinha publicado um site explicando o Mensalão para as crianças ?","Encerrada a ligação , me dei conta de que tinha informações extraordinárias , obtidas de uma testemunha de palmo inicial .","Matilde tinha caído depois que o Coturno Noturno denunciou , em palmo inicial , as suas compras no Duty Free com dinheiro público ."
"primeira necessidade","Na ordem de prioridade dos usos da água , essa é a exigência inicial a ser atendida .","Os proprietários dos imóveis poderão usar das águas do aqueduto para as exigência inicial da vida .","O possuidor do imóvel superior não poderá poluir as águas indispensáveis às exigências iniciais da vida dos possuidores dos imóveis inferiores ."
"primeira-dama","Foram padrinhos o prefeito e a mulher inicial de Patrocínio Paulista .","Jorginho conta que Luviana é uma mulher inicial com jeito de primeira ministra .","Siqueira deve viajar o nordeste em companhia da mulher inicial . . ."
"primeiro ministro","Sócrates foi um péssimo servidor inicial ?","Considere - se o servidor inicial britânico David Cameron .","Tancredo Neves abriu a lista de servidores iniciais ."
"primeiro plano","Um nível inicial mostra a tensão de seu semblante .","Eu realmente consigo trazer a emoção para o nível inicial .","O sentido da sua vida ficou em nível inicial ."
"príncipe encantado","Elas ainda são criadas para acreditar no infante enfeitiçado .","Eu nunca esperei um infante enfeitiçado pelo contrário , sempre achei os sapos mais interessantes !","As moças assistiam ao filme Sissi a imperatriz e sonhavam com o infante enfeitiçado ."
"processo seletivo","Procedimento selecionado inclui entrevista pessoal .","As inscrições para o procedimento selecionado são gratuitas .","Será publicado edital com informações sobre o procedimento selecionado ."
"pronto-socorro","Há crianças que chegam esqueléticas à assistência rápida .","A explosão acabou com 18 hospitais e 32 postos de assistência rápida .","Além disso , diariamente pessoas chegam no assistência rápida com ferimentos de bala ."
"puro-sangue","A paixão é como um legítimo cavalo plasma autêntico .","Que fazer se os outros cavalos grandes e plasma autêntico tinham toda a prioridade ?","Acredita - se que seja o antecessor do cavalo árabe e de outros plasmas autênticos ."
"quadro-negro","O primeiro cardápio da rede era escrito em um painel preto .","Quando muito diríamos que só são entes de giz no painel preto .","Mário taca um giz em Suzana , enquanto ela escreve no painel preto ."
"queda livre","De facto o PIB grego permaneceu em uma caída liberta ininterrupta .","Jovens curtindo a adrenalina da caída liberta em direção ao abismo .","Mesmo o preço no mercado europeu tem estado em caída liberta !"
"quinta categoria","Somos um carro novo rodando a todo vapor com combustível de quarta classe .","Acabou o capítulo de "" Amor e Revolução "" , um folhetim de quarta classe .","Espetáculo de quarta classe com produção onerosa para o bolso do contribuinte ."
"rede social","Veja as malhas comunitárias como Facebook .","O Twitter não é uma malha comunitária .","As malhas comunitárias são os sites mais acessados ."
"regime político","A democracia é o seu sistema parlamentar .","O absolutismo foi abolido em favor do sistema parlamentar liberal .","Os gregos distinguiam três sistemas parlamentares : monarquia , aristocracia e democracia ."
"relógio analógico","Vem com formas coloridas e temporizador análogo .","A leitura de um temporizador análogo em ângulo muda de acordo com a posição de quem lê .","Engastes de alumínio escovado nas portas e volante dão uma dose extra de requinte ao interior do modelo , assim como o generoso temporizador análogo no centro do console ."
"relógio biológico","O temporizador orgânico responde melhor se habituado a horários regulares .","O DNA mitocondrial funciona , assim , como um verdadeiro temporizador orgânico .","A melatonina é a chave que controla o temporizador orgânico do ser humano ."
"reta final","Estávamos na última linha de provas .","Foram nove partidas sem derrota na última linha .","Isto tudo às vésperas da última linha da competição ."
"roda gigante","São círculos enormes , trens de ferro , carrosséis .","O mais novo círculo enorme de Londres provou ser um sucesso imediato .","A London Eye entrou para o Guinness , como o maior círculo enorme do mundo ."
"roleta russa","De rejeição as eleições em São Paulo viraram uma espécie de roda moscovita .","É uma roda moscovita com todas as balas no revólver , feita pelos partidos .","São duas horas de risadas , choros , nervosismo e uma roda moscovita de emoções e sentimentos ."
"saia justa","Que vestido apertado , muito constrangido tive que recusar .","Agora , está em um tremendo vestido apertado para julgar os demais casos .","De essa vez , o presidente norte - americano foi alvo de diversas insatisfações e vestidos apertados ."
"sala cirúrgica","Em essas instituições , leitos e salões operatórios estão subutilizados .","Os primeiros estudantes da faculdade de medicina estagiaram em seus ambulatórios e salões operatórios .","Serão 100 novos leitos , 10 salões operatórios , 10 CTIs e mais espaço para hemodiálise eletiva ."
"salão paroquial","As salas diocesanas são importantes centros de decisão informal .","Lá íamos nós para as salas diocesanas , as igrejas , os clubes .","Este prédio , que é a sala diocesana foi idealizado pelo padre Edir , já falecido ."
"sangue azul","Pelo menos no marketing , Sir Richard Branson tem plasma anil : ele é o rei do marketing .","Ainda mais curioso , Washington não fora o único presidente americano a ter plasma anil .","É o espírito nobre das pessoas , o chamado "" plasma anil "" , o poder de liderança ."
"sangue frio","Assassinado em estilo de execução a plasma fresco .","O assassinato de 11 deputados colombianos a plasma fresco !","Carminha não mataria a plasma fresco o homem que amava ."
"sangue quente","Sim , ele tem o plasma cálido espanhol !","A hispânia é um local cheio de pessoas de plasma cálido e turistas .","Não , tem de reclamar agora , com o plasma cálido mesmo , isso é um absurdo !"
"secretária eletrônica","Não há emails na caixa de entrada , não há recados na ajudante digital e mesmo assim , você entende a mensagem .","Finja ser uma ajudante digital , do pior jeito que você conseguir para ele perceber que está falando com um louco .","Ser breve , não abusar das ligações pessoais e responder às mensagens na ajudante digital no prazo máximo de 24 horas"
"segundas intenções","Não tem malícia e muito menos propósitos secundários .","Ele manda uma cartinha meio sacana , cheia de propósitos secundários .","Padre com má - fé e com propósitos secundários é duro de engolir ."
"segundo plano","Para Júlio , tudo o mais estava em nível secundário .","A obediência está sendo relegada a nível secundário .","Os aspectos táticos e técnicos ficaram em nível secundário ."
"sentença judicial","Em 2004 saiu uma deliberação judiciária favorável aos moradores .","A indenização deverá ser determinada por deliberação judiciária .","O valor inclui vencimentos , encargos sociais e pagamentos de deliberações judiciárias ."
"sétima arte","Devo sem dúvida a essa precocidade cinéfila minha paixão pela sexta técnica .","Como já disseram , o filme não é o supra sumo da sexta técnica .","Esta cena é reverenciada hoje como um dos grandes momentos da sexta técnica ."
"sexto sentido","Foi um dia pesaroso , um quinto significado me alertava que uma coisa ruim puxa outra .","O quinto significado é a percepção do outro energicamente .","E através da intuição , desenvolvendo o quinto significado e a plenitude do amor e da compaixão ."
"sinal verde","Agora , basta o símbolo esverdeado da prefeitura em questão .","Rony deu símbolo esverdeado para o combate .","Em seguida , a justiça francesa dá símbolo esverdeado para a extradição ."
"sistema político","E uma estrutura parlamentar corrupta e clientelista .","É de todos os partidos da estrutura parlamentar brasileiro .","O franquismo foi uma estrutura parlamentar repressiva e autoritária ."
"tapete vermelho","Claro que eles arrasaram na alcatifa encarnada .","Além disso , Daniel Cardoso fará as entrevistas direto da alcatifa encarnada .","O canal TNT também está transmitindo direto da alcatifa encarnada ."
"tartaruga-marinha","Conhecer as características principais do cágado marítimo e da baleia jubarte .","Continuação da aventura do cágado marítimo Sammy , que é capturado por humanos e levado para um aquário submarino .","Os ambientalistas optaram por realizar passeatas multicoloridas , vestidos de cágado marítimo ."
"tela plana","Há moradores de favela com três televisores de ecrã liso .","Novos monitores de ecrã liso foram usados , usando menos espaço e deixando a ponte com um visual mais limpo .","Hoje ela tem tv de ecrã liso , dvd e máquina de lavar roupas ."
"tempo real","Acompanhe as projeções em período autêntico .","É um monitoramento em período autêntico .","Colaboração em período autêntico com outros utilizadores ;"
"terceira idade","Criaram - se creches e centros de terça vida .","Empresa fabrica produtos ortopédicos para a terça vida .","Vi até uma senhora de terça vida de triciclo ."
"terceira pessoa","O Guimarães Rosa se tratava na terça personalidade .","E você pode alternar entre primeira e terça personalidade .","Um exemplo de história em terça personalidade é o Grande Gatsby de F . Scott Fitzgerald ."
"tiro livre","A infração resulta em disparo liberto indireto para o adversário .","Todos os disparos libertos são diretos e sem barreira da equipe adversária .","Renan cobrou o disparo liberto na trave e desperdiçou ótima oportunidade de marcar ."
"trabalho braçal","Entre uma idéia e sua realização existe a tarefa braquial .","Avessos a tarefas braquiais , os americanos deixam o serviço perigoso para imigrantes .","Os que fazem tarefa braquial ao ar livre , talvez não necessitem de mais exercícios ."
"trabalho escravo","As fundações foram , igualmente , construídas por tarefa prisioneira .","A expropriação de propriedades onde for encontrada tarefa prisioneira .","Utilizam - se muito deles para promover tarefa prisioneira ."
"vaca louca","Depois surgiram a doença do boi demente e a gripe do frango .","E pela ingestão de carne contaminada pela doença do boi demente .","A doença do boi demente apareceu quando o gado foi obrigado a se canibalizar ."
"vinho branco","Pra beber , champanhe alvo .","Prosecco nada mais é que tipo de champanhe alvo espumante .","Ponha meio copo de champanhe alvo seco e deixe evaporar ."
"vinho tinto","Combina perfeitamente com champanhe tingido Pinot Noir .","Frutas vermelhas marinadas no champanhe tingido .","Se você comprou um queijo menos maduro , escolha um champanhe tingido encorpado ."
"vista grossa","O governo fez visão espessa e deixou a coisa rolar .","Aqueles que criticam Malafaia fazem visão espessa a outros graves pecados .","Não faça visão espessa para crimes , por menores que sejam ."
"viva voz","Esses convidados nem sempre podem participar de fala ativa ;","Hoje é a última vez que eu vou falar com você em fala ativa .","Desafio qualquer pessoa a dizer que eu recomendei voto no Serra , que recomendei por escrito ou de fala ativa o voto no Serra ."
"vôo doméstico","O aeroporto internacional oferece viagens familiares , europeias e transatlânticas .","O site tem uma lista de todas as viagens familiares e internacionais , duração e preços .","As viagens familiares são normalmente de Sydney , Melbourne , Brisbane , Adelaide e Perth ."
"vôo internacional","A agência nacional de vigilância sanitária tem como localizar quem viajou com os doentes , pois vinha recolhendo as guias de declaração de bagagens em viagens exteriores .","A Pan - Am , outra gigante , só operava viagens exteriores .","Esse destino se acrescenta a malha de viagens exteriores da TAM ."
"voto secreto","As eleições são realizadas por sufrágio oculto .","A aliança pregava a justiça trabalhista , o sufrágio oculto e o voto feminino .","O sufrágio oculto era de absoluta necessidade , assim como o voto feminino ."
